Workbook

Sheet 01_Events
A1: Event_ID | B1: Event_Adi | C1: Baslangic | D1: Bitis | E1: Priority | F1: Deeplink_Pinned | G1: Aktif_mi
A2: E_DL | B2: Deeplink Decor | C2: 45992 | D2: 46037 | E2: 99 | F2: Evet | G2: Evet
A3: E_TG | B3: Thanksgiving | C3: 46006 | D3: 46016 | E3: 1 | F3: Hayir | G3: Evet
A4: E_XMAS | B4: Christmas | C4: 45992 | D4: 46022 | E4: 2 | F4: Hayir | G4: Evet
A5: E_UA_JAN | B5: UA Decor Jan | C5: 46023 | D5: 46032 | E5: 5 | F5: Hayir | G5: Evet

Sheet 02_Gantt
A1: Satir | B1: =MIN(FILTER('01_Events'!C2:C,'01_Events'!G2:G="Evet")) | C1: =B1+1 | D1: =C1+1 | E1: =D1+1 | F1: =E1+1 | G1: =F1+1 | H1: =G1+1 | I1: =H1+1 | J1: =I1+1 | ... CM1: =CL1+1
A2: Overlap_Count | B2: =COUNTIFS('01_Events'!$C:$C,"<="&B$1,'01_Events'!$D:$D,">="&B$1,'01_Events'!$G:$G,"Evet") | C2: =COUNTIFS('01_Events'!$C:$C,"<="&C$1,'01_Events'!$D:$D,">="&C$1,'01_Events'!$G:$G,"Evet") | D2: =COUNTIFS('01_Events'!$C:$C,"<="&D$1,'01_Events'!$D:$D,">="&D$1,'01_Events'!$G:$G,"Evet") | E2: =COUNTIFS('01_Events'!$C:$C,"<="&E$1,'01_Events'!$D:$D,">="&E$1,'01_Events'!$G:$G,"Evet") | F2: =COUNTIFS('01_Events'!$C:$C,"<="&F$1,'01_Events'!$D:$D,">="&F$1,'01_Events'!$G:$G,"Evet") | G2: =COUNTIFS('01_Events'!$C:$C,"<="&G$1,'01_Events'!$D:$D,">="&G$1,'01_Events'!$G:$G,"Evet") | H2: =COUNTIFS('01_Events'!$C:$C,"<="&H$1,'01_Events'!$D:$D,">="&H$1,'01_Events'!$G:$G,"Evet") | I2: =COUNTIFS('01_Events'!$C:$C,"<="&I$1,'01_Events'!$D:$D,">="&I$1,'01_Events'!$G:$G,"Evet") | ... CM2: =COUNTIFS('01_Events'!$C:$C,"<="&CM$1,'01_Events'!$D:$D,">="&CM$1,'01_Events'!$G:$G,"Evet")
A3: Winner_Organik | B3: =IF(B2=0,"",INDEX(SORT(FILTER('01_Events'!$A$2:$E,'01_Events'!$G$2:$G="Evet",'01_Events'!$C$2:$C<=B$1,'01_Events'!$D$2:$D>=B$1),5,TRUE,3,TRUE,1,TRUE),1,1)) | C3: =IF(C2=0,"",INDEX(SORT(FILTER('01_Events'!$A$2:$E,'01_Events'!$G$2:$G="Evet",'01_Events'!$C$2:$C<=C$1,'01_Events'!$D$2:$D>=C$1),5,TRUE,3,TRUE,1,TRUE),1,1)) | D3: =IF(D2=0,"",INDEX(SORT(FILTER('01_Events'!$A$2:$E,'01_Events'!$G$2:$G="Evet",'01_Events'!$C$2:$C<=D$1,'01_Events'!$D$2:$D>=D$1),5,TRUE,3,TRUE,1,TRUE),1,1)) | E3: =IF(E2=0,"",INDEX(SORT(FILTER('01_Events'!$A$2:$E,'01_Events'!$G$2:$G="Evet",'01_Events'!$C$2:$C<=E$1,'01_Events'!$D$2:$D>=E$1),5,TRUE,3,TRUE,1,TRUE),1,1)) | F3: =IF(F2=0,"",INDEX(SORT(FILTER('01_Events'!$A$2:$E,'01_Events'!$G$2:$G="Evet",'01_Events'!$C$2:$C<=F$1,'01_Events'!$D$2:$D>=F$1),5,TRUE,3,TRUE,1,TRUE),1,1)) | G3: =IF(G2=0,"",INDEX(SORT(FILTER('01_Events'!$A$2:$E,'01_Events'!$G$2:$G="Evet",'01_Events'!$C$2:$C<=G$1,'01_Events'!$D$2:$D>=G$1),5,TRUE,3,TRUE,1,TRUE),1,1)) | H3: =IF(H2=0,"",INDEX(SORT(FILTER('01_Events'!$A$2:$E,'01_Events'!$G$2:$G="Evet",'01_Events'!$C$2:$C<=H$1,'01_Events'!$D$2:$D>=H$1),5,TRUE,3,TRUE,1,TRUE),1,1)) | I3: =IF(I2=0,"",INDEX(SORT(FILTER('01_Events'!$A$2:$E,'01_Events'!$G$2:$G="Evet",'01_Events'!$C$2:$C<=I$1,'01_Events'!$D$2:$D>=I$1),5,TRUE,3,TRUE,1,TRUE),1,1)) | ... CM3: =IF(CM2=0,"",INDEX(SORT(FILTER('01_Events'!$A$2:$E,'01_Events'!$G$2:$G="Evet",'01_Events'!$C$2:$C<=CM$1,'01_Events'!$D$2:$D>=CM$1),5,TRUE,3,TRUE,1,TRUE),1,1))
A4: Winner_DeepLink | B4: =IF(B2=0,"",IFERROR(INDEX(SORT(FILTER('01_Events'!$A$2:$F,'01_Events'!$G$2:$G="Evet",'01_Events'!$F$2:$F="Evet",'01_Events'!$C$2:$C<=B$1,'01_Events'!$D$2:$D>=B$1),3,TRUE,1,TRUE),1,1),B3)) | C4: =IF(C2=0,"",IFERROR(INDEX(SORT(FILTER('01_Events'!$A$2:$F,'01_Events'!$G$2:$G="Evet",'01_Events'!$F$2:$F="Evet",'01_Events'!$C$2:$C<=C$1,'01_Events'!$D$2:$D>=C$1),3,TRUE,1,TRUE),1,1),C3)) | D4: =IF(D2=0,"",IFERROR(INDEX(SORT(FILTER('01_Events'!$A$2:$F,'01_Events'!$G$2:$G="Evet",'01_Events'!$F$2:$F="Evet",'01_Events'!$C$2:$C<=D$1,'01_Events'!$D$2:$D>=D$1),3,TRUE,1,TRUE),1,1),D3)) | E4: =IF(E2=0,"",IFERROR(INDEX(SORT(FILTER('01_Events'!$A$2:$F,'01_Events'!$G$2:$G="Evet",'01_Events'!$F$2:$F="Evet",'01_Events'!$C$2:$C<=E$1,'01_Events'!$D$2:$D>=E$1),3,TRUE,1,TRUE),1,1),E3)) | F4: =IF(F2=0,"",IFERROR(INDEX(SORT(FILTER('01_Events'!$A$2:$F,'01_Events'!$G$2:$G="Evet",'01_Events'!$F$2:$F="Evet",'01_Events'!$C$2:$C<=F$1,'01_Events'!$D$2:$D>=F$1),3,TRUE,1,TRUE),1,1),F3)) | G4: =IF(G2=0,"",IFERROR(INDEX(SORT(FILTER('01_Events'!$A$2:$F,'01_Events'!$G$2:$G="Evet",'01_Events'!$F$2:$F="Evet",'01_Events'!$C$2:$C<=G$1,'01_Events'!$D$2:$D>=G$1),3,TRUE,1,TRUE),1,1),G3)) | H4: =IF(H2=0,"",IFERROR(INDEX(SORT(FILTER('01_Events'!$A$2:$F,'01_Events'!$G$2:$G="Evet",'01_Events'!$F$2:$F="Evet",'01_Events'!$C$2:$C<=H$1,'01_Events'!$D$2:$D>=H$1),3,TRUE,1,TRUE),1,1),H3)) | I4: =IF(I2=0,"",IFERROR(INDEX(SORT(FILTER('01_Events'!$A$2:$F,'01_Events'!$G$2:$G="Evet",'01_Events'!$F$2:$F="Evet",'01_Events'!$C$2:$C<=I$1,'01_Events'!$D$2:$D>=I$1),3,TRUE,1,TRUE),1,1),I3)) | ... CM4: =IF(CM2=0,"",IFERROR(INDEX(SORT(FILTER('01_Events'!$A$2:$F,'01_Events'!$G$2:$G="Evet",'01_Events'!$F$2:$F="Evet",'01_Events'!$C$2:$C<=CM$1,'01_Events'!$D$2:$D>=CM$1),3,TRUE,1,TRUE),1,1),CM3))
A5: Not | B5: Kirmizi: Cakisma | C5: Turuncu: Deeplink winner | D5: Yesil: Organik winner | E5: Gri: Bekleyen
A7: =IFERROR(INDEX(FILTER('01_Events'!$A$2:$A,'01_Events'!$G$2:$G="Evet"),ROW()-6),"") | B7: =IF($A7="","",IF(AND(B$1>=INDEX('01_Events'!$C:$C,MATCH($A7,'01_Events'!$A:$A,0)),B$1<=INDEX('01_Events'!$D:$D,MATCH($A7,'01_Events'!$A:$A,0))),"█","")) | C7: =IF($A7="","",IF(AND(C$1>=INDEX('01_Events'!$C:$C,MATCH($A7,'01_Events'!$A:$A,0)),C$1<=INDEX('01_Events'!$D:$D,MATCH($A7,'01_Events'!$A:$A,0))),"█","")) | D7: =IF($A7="","",IF(AND(D$1>=INDEX('01_Events'!$C:$C,MATCH($A7,'01_Events'!$A:$A,0)),D$1<=INDEX('01_Events'!$D:$D,MATCH($A7,'01_Events'!$A:$A,0))),"█","")) | E7: =IF($A7="","",IF(AND(E$1>=INDEX('01_Events'!$C:$C,MATCH($A7,'01_Events'!$A:$A,0)),E$1<=INDEX('01_Events'!$D:$D,MATCH($A7,'01_Events'!$A:$A,0))),"█","")) | F7: =IF($A7="","",IF(AND(F$1>=INDEX('01_Events'!$C:$C,MATCH($A7,'01_Events'!$A:$A,0)),F$1<=INDEX('01_Events'!$D:$D,MATCH($A7,'01_Events'!$A:$A,0))),"█","")) | G7: =IF($A7="","",IF(AND(G$1>=INDEX('01_Events'!$C:$C,MATCH($A7,'01_Events'!$A:$A,0)),G$1<=INDEX('01_Events'!$D:$D,MATCH($A7,'01_Events'!$A:$A,0))),"█","")) | H7: =IF($A7="","",IF(AND(H$1>=INDEX('01_Events'!$C:$C,MATCH($A7,'01_Events'!$A:$A,0)),H$1<=INDEX('01_Events'!$D:$D,MATCH($A7,'01_Events'!$A:$A,0))),"█","")) | I7: =IF($A7="","",IF(AND(I$1>=INDEX('01_Events'!$C:$C,MATCH($A7,'01_Events'!$A:$A,0)),I$1<=INDEX('01_Events'!$D:$D,MATCH($A7,'01_Events'!$A:$A,0))),"█","")) | ... CM7: =IF($A7="","",IF(AND(CM$1>=INDEX('01_Events'!$C:$C,MATCH($A7,'01_Events'!$A:$A,0)),CM$1<=INDEX('01_Events'!$D:$D,MATCH($A7,'01_Events'!$A:$A,0))),"█",""))
A8: =IFERROR(INDEX(FILTER('01_Events'!$A$2:$A,'01_Events'!$G$2:$G="Evet"),ROW()-6),"") | B8: =IF($A8="","",IF(AND(B$1>=INDEX('01_Events'!$C:$C,MATCH($A8,'01_Events'!$A:$A,0)),B$1<=INDEX('01_Events'!$D:$D,MATCH($A8,'01_Events'!$A:$A,0))),"█","")) | C8: =IF($A8="","",IF(AND(C$1>=INDEX('01_Events'!$C:$C,MATCH($A8,'01_Events'!$A:$A,0)),C$1<=INDEX('01_Events'!$D:$D,MATCH($A8,'01_Events'!$A:$A,0))),"█","")) | D8: =IF($A8="","",IF(AND(D$1>=INDEX('01_Events'!$C:$C,MATCH($A8,'01_Events'!$A:$A,0)),D$1<=INDEX('01_Events'!$D:$D,MATCH($A8,'01_Events'!$A:$A,0))),"█","")) | E8: =IF($A8="","",IF(AND(E$1>=INDEX('01_Events'!$C:$C,MATCH($A8,'01_Events'!$A:$A,0)),E$1<=INDEX('01_Events'!$D:$D,MATCH($A8,'01_Events'!$A:$A,0))),"█","")) | F8: =IF($A8="","",IF(AND(F$1>=INDEX('01_Events'!$C:$C,MATCH($A8,'01_Events'!$A:$A,0)),F$1<=INDEX('01_Events'!$D:$D,MATCH($A8,'01_Events'!$A:$A,0))),"█","")) | G8: =IF($A8="","",IF(AND(G$1>=INDEX('01_Events'!$C:$C,MATCH($A8,'01_Events'!$A:$A,0)),G$1<=INDEX('01_Events'!$D:$D,MATCH($A8,'01_Events'!$A:$A,0))),"█","")) | H8: =IF($A8="","",IF(AND(H$1>=INDEX('01_Events'!$C:$C,MATCH($A8,'01_Events'!$A:$A,0)),H$1<=INDEX('01_Events'!$D:$D,MATCH($A8,'01_Events'!$A:$A,0))),"█","")) | I8: =IF($A8="","",IF(AND(I$1>=INDEX('01_Events'!$C:$C,MATCH($A8,'01_Events'!$A:$A,0)),I$1<=INDEX('01_Events'!$D:$D,MATCH($A8,'01_Events'!$A:$A,0))),"█","")) | ... CM8: =IF($A8="","",IF(AND(CM$1>=INDEX('01_Events'!$C:$C,MATCH($A8,'01_Events'!$A:$A,0)),CM$1<=INDEX('01_Events'!$D:$D,MATCH($A8,'01_Events'!$A:$A,0))),"█",""))
A9: =IFERROR(INDEX(FILTER('01_Events'!$A$2:$A,'01_Events'!$G$2:$G="Evet"),ROW()-6),"") | B9: =IF($A9="","",IF(AND(B$1>=INDEX('01_Events'!$C:$C,MATCH($A9,'01_Events'!$A:$A,0)),B$1<=INDEX('01_Events'!$D:$D,MATCH($A9,'01_Events'!$A:$A,0))),"█","")) | C9: =IF($A9="","",IF(AND(C$1>=INDEX('01_Events'!$C:$C,MATCH($A9,'01_Events'!$A:$A,0)),C$1<=INDEX('01_Events'!$D:$D,MATCH($A9,'01_Events'!$A:$A,0))),"█","")) | D9: =IF($A9="","",IF(AND(D$1>=INDEX('01_Events'!$C:$C,MATCH($A9,'01_Events'!$A:$A,0)),D$1<=INDEX('01_Events'!$D:$D,MATCH($A9,'01_Events'!$A:$A,0))),"█","")) | E9: =IF($A9="","",IF(AND(E$1>=INDEX('01_Events'!$C:$C,MATCH($A9,'01_Events'!$A:$A,0)),E$1<=INDEX('01_Events'!$D:$D,MATCH($A9,'01_Events'!$A:$A,0))),"█","")) | F9: =IF($A9="","",IF(AND(F$1>=INDEX('01_Events'!$C:$C,MATCH($A9,'01_Events'!$A:$A,0)),F$1<=INDEX('01_Events'!$D:$D,MATCH($A9,'01_Events'!$A:$A,0))),"█","")) | G9: =IF($A9="","",IF(AND(G$1>=INDEX('01_Events'!$C:$C,MATCH($A9,'01_Events'!$A:$A,0)),G$1<=INDEX('01_Events'!$D:$D,MATCH($A9,'01_Events'!$A:$A,0))),"█","")) | H9: =IF($A9="","",IF(AND(H$1>=INDEX('01_Events'!$C:$C,MATCH($A9,'01_Events'!$A:$A,0)),H$1<=INDEX('01_Events'!$D:$D,MATCH($A9,'01_Events'!$A:$A,0))),"█","")) | I9: =IF($A9="","",IF(AND(I$1>=INDEX('01_Events'!$C:$C,MATCH($A9,'01_Events'!$A:$A,0)),I$1<=INDEX('01_Events'!$D:$D,MATCH($A9,'01_Events'!$A:$A,0))),"█","")) | ... CM9: =IF($A9="","",IF(AND(CM$1>=INDEX('01_Events'!$C:$C,MATCH($A9,'01_Events'!$A:$A,0)),CM$1<=INDEX('01_Events'!$D:$D,MATCH($A9,'01_Events'!$A:$A,0))),"█",""))
A10: =IFERROR(INDEX(FILTER('01_Events'!$A$2:$A,'01_Events'!$G$2:$G="Evet"),ROW()-6),"") | B10: =IF($A10="","",IF(AND(B$1>=INDEX('01_Events'!$C:$C,MATCH($A10,'01_Events'!$A:$A,0)),B$1<=INDEX('01_Events'!$D:$D,MATCH($A10,'01_Events'!$A:$A,0))),"█","")) | C10: =IF($A10="","",IF(AND(C$1>=INDEX('01_Events'!$C:$C,MATCH($A10,'01_Events'!$A:$A,0)),C$1<=INDEX('01_Events'!$D:$D,MATCH($A10,'01_Events'!$A:$A,0))),"█","")) | D10: =IF($A10="","",IF(AND(D$1>=INDEX('01_Events'!$C:$C,MATCH($A10,'01_Events'!$A:$A,0)),D$1<=INDEX('01_Events'!$D:$D,MATCH($A10,'01_Events'!$A:$A,0))),"█","")) | E10: =IF($A10="","",IF(AND(E$1>=INDEX('01_Events'!$C:$C,MATCH($A10,'01_Events'!$A:$A,0)),E$1<=INDEX('01_Events'!$D:$D,MATCH($A10,'01_Events'!$A:$A,0))),"█","")) | F10: =IF($A10="","",IF(AND(F$1>=INDEX('01_Events'!$C:$C,MATCH($A10,'01_Events'!$A:$A,0)),F$1<=INDEX('01_Events'!$D:$D,MATCH($A10,'01_Events'!$A:$A,0))),"█","")) | G10: =IF($A10="","",IF(AND(G$1>=INDEX('01_Events'!$C:$C,MATCH($A10,'01_Events'!$A:$A,0)),G$1<=INDEX('01_Events'!$D:$D,MATCH($A10,'01_Events'!$A:$A,0))),"█","")) | H10: =IF($A10="","",IF(AND(H$1>=INDEX('01_Events'!$C:$C,MATCH($A10,'01_Events'!$A:$A,0)),H$1<=INDEX('01_Events'!$D:$D,MATCH($A10,'01_Events'!$A:$A,0))),"█","")) | I10: =IF($A10="","",IF(AND(I$1>=INDEX('01_Events'!$C:$C,MATCH($A10,'01_Events'!$A:$A,0)),I$1<=INDEX('01_Events'!$D:$D,MATCH($A10,'01_Events'!$A:$A,0))),"█","")) | ... CM10: =IF($A10="","",IF(AND(CM$1>=INDEX('01_Events'!$C:$C,MATCH($A10,'01_Events'!$A:$A,0)),CM$1<=INDEX('01_Events'!$D:$D,MATCH($A10,'01_Events'!$A:$A,0))),"█",""))
A11: =IFERROR(INDEX(FILTER('01_Events'!$A$2:$A,'01_Events'!$G$2:$G="Evet"),ROW()-6),"") | B11: =IF($A11="","",IF(AND(B$1>=INDEX('01_Events'!$C:$C,MATCH($A11,'01_Events'!$A:$A,0)),B$1<=INDEX('01_Events'!$D:$D,MATCH($A11,'01_Events'!$A:$A,0))),"█","")) | C11: =IF($A11="","",IF(AND(C$1>=INDEX('01_Events'!$C:$C,MATCH($A11,'01_Events'!$A:$A,0)),C$1<=INDEX('01_Events'!$D:$D,MATCH($A11,'01_Events'!$A:$A,0))),"█","")) | D11: =IF($A11="","",IF(AND(D$1>=INDEX('01_Events'!$C:$C,MATCH($A11,'01_Events'!$A:$A,0)),D$1<=INDEX('01_Events'!$D:$D,MATCH($A11,'01_Events'!$A:$A,0))),"█","")) | E11: =IF($A11="","",IF(AND(E$1>=INDEX('01_Events'!$C:$C,MATCH($A11,'01_Events'!$A:$A,0)),E$1<=INDEX('01_Events'!$D:$D,MATCH($A11,'01_Events'!$A:$A,0))),"█","")) | F11: =IF($A11="","",IF(AND(F$1>=INDEX('01_Events'!$C:$C,MATCH($A11,'01_Events'!$A:$A,0)),F$1<=INDEX('01_Events'!$D:$D,MATCH($A11,'01_Events'!$A:$A,0))),"█","")) | G11: =IF($A11="","",IF(AND(G$1>=INDEX('01_Events'!$C:$C,MATCH($A11,'01_Events'!$A:$A,0)),G$1<=INDEX('01_Events'!$D:$D,MATCH($A11,'01_Events'!$A:$A,0))),"█","")) | H11: =IF($A11="","",IF(AND(H$1>=INDEX('01_Events'!$C:$C,MATCH($A11,'01_Events'!$A:$A,0)),H$1<=INDEX('01_Events'!$D:$D,MATCH($A11,'01_Events'!$A:$A,0))),"█","")) | I11: =IF($A11="","",IF(AND(I$1>=INDEX('01_Events'!$C:$C,MATCH($A11,'01_Events'!$A:$A,0)),I$1<=INDEX('01_Events'!$D:$D,MATCH($A11,'01_Events'!$A:$A,0))),"█","")) | ... CM11: =IF($A11="","",IF(AND(CM$1>=INDEX('01_Events'!$C:$C,MATCH($A11,'01_Events'!$A:$A,0)),CM$1<=INDEX('01_Events'!$D:$D,MATCH($A11,'01_Events'!$A:$A,0))),"█",""))
A12: =IFERROR(INDEX(FILTER('01_Events'!$A$2:$A,'01_Events'!$G$2:$G="Evet"),ROW()-6),"") | B12: =IF($A12="","",IF(AND(B$1>=INDEX('01_Events'!$C:$C,MATCH($A12,'01_Events'!$A:$A,0)),B$1<=INDEX('01_Events'!$D:$D,MATCH($A12,'01_Events'!$A:$A,0))),"█","")) | C12: =IF($A12="","",IF(AND(C$1>=INDEX('01_Events'!$C:$C,MATCH($A12,'01_Events'!$A:$A,0)),C$1<=INDEX('01_Events'!$D:$D,MATCH($A12,'01_Events'!$A:$A,0))),"█","")) | D12: =IF($A12="","",IF(AND(D$1>=INDEX('01_Events'!$C:$C,MATCH($A12,'01_Events'!$A:$A,0)),D$1<=INDEX('01_Events'!$D:$D,MATCH($A12,'01_Events'!$A:$A,0))),"█","")) | E12: =IF($A12="","",IF(AND(E$1>=INDEX('01_Events'!$C:$C,MATCH($A12,'01_Events'!$A:$A,0)),E$1<=INDEX('01_Events'!$D:$D,MATCH($A12,'01_Events'!$A:$A,0))),"█","")) | F12: =IF($A12="","",IF(AND(F$1>=INDEX('01_Events'!$C:$C,MATCH($A12,'01_Events'!$A:$A,0)),F$1<=INDEX('01_Events'!$D:$D,MATCH($A12,'01_Events'!$A:$A,0))),"█","")) | G12: =IF($A12="","",IF(AND(G$1>=INDEX('01_Events'!$C:$C,MATCH($A12,'01_Events'!$A:$A,0)),G$1<=INDEX('01_Events'!$D:$D,MATCH($A12,'01_Events'!$A:$A,0))),"█","")) | H12: =IF($A12="","",IF(AND(H$1>=INDEX('01_Events'!$C:$C,MATCH($A12,'01_Events'!$A:$A,0)),H$1<=INDEX('01_Events'!$D:$D,MATCH($A12,'01_Events'!$A:$A,0))),"█","")) | I12: =IF($A12="","",IF(AND(I$1>=INDEX('01_Events'!$C:$C,MATCH($A12,'01_Events'!$A:$A,0)),I$1<=INDEX('01_Events'!$D:$D,MATCH($A12,'01_Events'!$A:$A,0))),"█","")) | ... CM12: =IF($A12="","",IF(AND(CM$1>=INDEX('01_Events'!$C:$C,MATCH($A12,'01_Events'!$A:$A,0)),CM$1<=INDEX('01_Events'!$D:$D,MATCH($A12,'01_Events'!$A:$A,0))),"█",""))
A13: =IFERROR(INDEX(FILTER('01_Events'!$A$2:$A,'01_Events'!$G$2:$G="Evet"),ROW()-6),"") | B13: =IF($A13="","",IF(AND(B$1>=INDEX('01_Events'!$C:$C,MATCH($A13,'01_Events'!$A:$A,0)),B$1<=INDEX('01_Events'!$D:$D,MATCH($A13,'01_Events'!$A:$A,0))),"█","")) | C13: =IF($A13="","",IF(AND(C$1>=INDEX('01_Events'!$C:$C,MATCH($A13,'01_Events'!$A:$A,0)),C$1<=INDEX('01_Events'!$D:$D,MATCH($A13,'01_Events'!$A:$A,0))),"█","")) | D13: =IF($A13="","",IF(AND(D$1>=INDEX('01_Events'!$C:$C,MATCH($A13,'01_Events'!$A:$A,0)),D$1<=INDEX('01_Events'!$D:$D,MATCH($A13,'01_Events'!$A:$A,0))),"█","")) | E13: =IF($A13="","",IF(AND(E$1>=INDEX('01_Events'!$C:$C,MATCH($A13,'01_Events'!$A:$A,0)),E$1<=INDEX('01_Events'!$D:$D,MATCH($A13,'01_Events'!$A:$A,0))),"█","")) | F13: =IF($A13="","",IF(AND(F$1>=INDEX('01_Events'!$C:$C,MATCH($A13,'01_Events'!$A:$A,0)),F$1<=INDEX('01_Events'!$D:$D,MATCH($A13,'01_Events'!$A:$A,0))),"█","")) | G13: =IF($A13="","",IF(AND(G$1>=INDEX('01_Events'!$C:$C,MATCH($A13,'01_Events'!$A:$A,0)),G$1<=INDEX('01_Events'!$D:$D,MATCH($A13,'01_Events'!$A:$A,0))),"█","")) | H13: =IF($A13="","",IF(AND(H$1>=INDEX('01_Events'!$C:$C,MATCH($A13,'01_Events'!$A:$A,0)),H$1<=INDEX('01_Events'!$D:$D,MATCH($A13,'01_Events'!$A:$A,0))),"█","")) | I13: =IF($A13="","",IF(AND(I$1>=INDEX('01_Events'!$C:$C,MATCH($A13,'01_Events'!$A:$A,0)),I$1<=INDEX('01_Events'!$D:$D,MATCH($A13,'01_Events'!$A:$A,0))),"█","")) | ... CM13: =IF($A13="","",IF(AND(CM$1>=INDEX('01_Events'!$C:$C,MATCH($A13,'01_Events'!$A:$A,0)),CM$1<=INDEX('01_Events'!$D:$D,MATCH($A13,'01_Events'!$A:$A,0))),"█",""))
A14: =IFERROR(INDEX(FILTER('01_Events'!$A$2:$A,'01_Events'!$G$2:$G="Evet"),ROW()-6),"") | B14: =IF($A14="","",IF(AND(B$1>=INDEX('01_Events'!$C:$C,MATCH($A14,'01_Events'!$A:$A,0)),B$1<=INDEX('01_Events'!$D:$D,MATCH($A14,'01_Events'!$A:$A,0))),"█","")) | C14: =IF($A14="","",IF(AND(C$1>=INDEX('01_Events'!$C:$C,MATCH($A14,'01_Events'!$A:$A,0)),C$1<=INDEX('01_Events'!$D:$D,MATCH($A14,'01_Events'!$A:$A,0))),"█","")) | D14: =IF($A14="","",IF(AND(D$1>=INDEX('01_Events'!$C:$C,MATCH($A14,'01_Events'!$A:$A,0)),D$1<=INDEX('01_Events'!$D:$D,MATCH($A14,'01_Events'!$A:$A,0))),"█","")) | E14: =IF($A14="","",IF(AND(E$1>=INDEX('01_Events'!$C:$C,MATCH($A14,'01_Events'!$A:$A,0)),E$1<=INDEX('01_Events'!$D:$D,MATCH($A14,'01_Events'!$A:$A,0))),"█","")) | F14: =IF($A14="","",IF(AND(F$1>=INDEX('01_Events'!$C:$C,MATCH($A14,'01_Events'!$A:$A,0)),F$1<=INDEX('01_Events'!$D:$D,MATCH($A14,'01_Events'!$A:$A,0))),"█","")) | G14: =IF($A14="","",IF(AND(G$1>=INDEX('01_Events'!$C:$C,MATCH($A14,'01_Events'!$A:$A,0)),G$1<=INDEX('01_Events'!$D:$D,MATCH($A14,'01_Events'!$A:$A,0))),"█","")) | H14: =IF($A14="","",IF(AND(H$1>=INDEX('01_Events'!$C:$C,MATCH($A14,'01_Events'!$A:$A,0)),H$1<=INDEX('01_Events'!$D:$D,MATCH($A14,'01_Events'!$A:$A,0))),"█","")) | I14: =IF($A14="","",IF(AND(I$1>=INDEX('01_Events'!$C:$C,MATCH($A14,'01_Events'!$A:$A,0)),I$1<=INDEX('01_Events'!$D:$D,MATCH($A14,'01_Events'!$A:$A,0))),"█","")) | ... CM14: =IF($A14="","",IF(AND(CM$1>=INDEX('01_Events'!$C:$C,MATCH($A14,'01_Events'!$A:$A,0)),CM$1<=INDEX('01_Events'!$D:$D,MATCH($A14,'01_Events'!$A:$A,0))),"█",""))
A15: =IFERROR(INDEX(FILTER('01_Events'!$A$2:$A,'01_Events'!$G$2:$G="Evet"),ROW()-6),"") | B15: =IF($A15="","",IF(AND(B$1>=INDEX('01_Events'!$C:$C,MATCH($A15,'01_Events'!$A:$A,0)),B$1<=INDEX('01_Events'!$D:$D,MATCH($A15,'01_Events'!$A:$A,0))),"█","")) | C15: =IF($A15="","",IF(AND(C$1>=INDEX('01_Events'!$C:$C,MATCH($A15,'01_Events'!$A:$A,0)),C$1<=INDEX('01_Events'!$D:$D,MATCH($A15,'01_Events'!$A:$A,0))),"█","")) | D15: =IF($A15="","",IF(AND(D$1>=INDEX('01_Events'!$C:$C,MATCH($A15,'01_Events'!$A:$A,0)),D$1<=INDEX('01_Events'!$D:$D,MATCH($A15,'01_Events'!$A:$A,0))),"█","")) | E15: =IF($A15="","",IF(AND(E$1>=INDEX('01_Events'!$C:$C,MATCH($A15,'01_Events'!$A:$A,0)),E$1<=INDEX('01_Events'!$D:$D,MATCH($A15,'01_Events'!$A:$A,0))),"█","")) | F15: =IF($A15="","",IF(AND(F$1>=INDEX('01_Events'!$C:$C,MATCH($A15,'01_Events'!$A:$A,0)),F$1<=INDEX('01_Events'!$D:$D,MATCH($A15,'01_Events'!$A:$A,0))),"█","")) | G15: =IF($A15="","",IF(AND(G$1>=INDEX('01_Events'!$C:$C,MATCH($A15,'01_Events'!$A:$A,0)),G$1<=INDEX('01_Events'!$D:$D,MATCH($A15,'01_Events'!$A:$A,0))),"█","")) | H15: =IF($A15="","",IF(AND(H$1>=INDEX('01_Events'!$C:$C,MATCH($A15,'01_Events'!$A:$A,0)),H$1<=INDEX('01_Events'!$D:$D,MATCH($A15,'01_Events'!$A:$A,0))),"█","")) | I15: =IF($A15="","",IF(AND(I$1>=INDEX('01_Events'!$C:$C,MATCH($A15,'01_Events'!$A:$A,0)),I$1<=INDEX('01_Events'!$D:$D,MATCH($A15,'01_Events'!$A:$A,0))),"█","")) | ... CM15: =IF($A15="","",IF(AND(CM$1>=INDEX('01_Events'!$C:$C,MATCH($A15,'01_Events'!$A:$A,0)),CM$1<=INDEX('01_Events'!$D:$D,MATCH($A15,'01_Events'!$A:$A,0))),"█",""))
A16: =IFERROR(INDEX(FILTER('01_Events'!$A$2:$A,'01_Events'!$G$2:$G="Evet"),ROW()-6),"") | B16: =IF($A16="","",IF(AND(B$1>=INDEX('01_Events'!$C:$C,MATCH($A16,'01_Events'!$A:$A,0)),B$1<=INDEX('01_Events'!$D:$D,MATCH($A16,'01_Events'!$A:$A,0))),"█","")) | C16: =IF($A16="","",IF(AND(C$1>=INDEX('01_Events'!$C:$C,MATCH($A16,'01_Events'!$A:$A,0)),C$1<=INDEX('01_Events'!$D:$D,MATCH($A16,'01_Events'!$A:$A,0))),"█","")) | D16: =IF($A16="","",IF(AND(D$1>=INDEX('01_Events'!$C:$C,MATCH($A16,'01_Events'!$A:$A,0)),D$1<=INDEX('01_Events'!$D:$D,MATCH($A16,'01_Events'!$A:$A,0))),"█","")) | E16: =IF($A16="","",IF(AND(E$1>=INDEX('01_Events'!$C:$C,MATCH($A16,'01_Events'!$A:$A,0)),E$1<=INDEX('01_Events'!$D:$D,MATCH($A16,'01_Events'!$A:$A,0))),"█","")) | F16: =IF($A16="","",IF(AND(F$1>=INDEX('01_Events'!$C:$C,MATCH($A16,'01_Events'!$A:$A,0)),F$1<=INDEX('01_Events'!$D:$D,MATCH($A16,'01_Events'!$A:$A,0))),"█","")) | G16: =IF($A16="","",IF(AND(G$1>=INDEX('01_Events'!$C:$C,MATCH($A16,'01_Events'!$A:$A,0)),G$1<=INDEX('01_Events'!$D:$D,MATCH($A16,'01_Events'!$A:$A,0))),"█","")) | H16: =IF($A16="","",IF(AND(H$1>=INDEX('01_Events'!$C:$C,MATCH($A16,'01_Events'!$A:$A,0)),H$1<=INDEX('01_Events'!$D:$D,MATCH($A16,'01_Events'!$A:$A,0))),"█","")) | I16: =IF($A16="","",IF(AND(I$1>=INDEX('01_Events'!$C:$C,MATCH($A16,'01_Events'!$A:$A,0)),I$1<=INDEX('01_Events'!$D:$D,MATCH($A16,'01_Events'!$A:$A,0))),"█","")) | ... CM16: =IF($A16="","",IF(AND(CM$1>=INDEX('01_Events'!$C:$C,MATCH($A16,'01_Events'!$A:$A,0)),CM$1<=INDEX('01_Events'!$D:$D,MATCH($A16,'01_Events'!$A:$A,0))),"█",""))
A17: =IFERROR(INDEX(FILTER('01_Events'!$A$2:$A,'01_Events'!$G$2:$G="Evet"),ROW()-6),"") | B17: =IF($A17="","",IF(AND(B$1>=INDEX('01_Events'!$C:$C,MATCH($A17,'01_Events'!$A:$A,0)),B$1<=INDEX('01_Events'!$D:$D,MATCH($A17,'01_Events'!$A:$A,0))),"█","")) | C17: =IF($A17="","",IF(AND(C$1>=INDEX('01_Events'!$C:$C,MATCH($A17,'01_Events'!$A:$A,0)),C$1<=INDEX('01_Events'!$D:$D,MATCH($A17,'01_Events'!$A:$A,0))),"█","")) | D17: =IF($A17="","",IF(AND(D$1>=INDEX('01_Events'!$C:$C,MATCH($A17,'01_Events'!$A:$A,0)),D$1<=INDEX('01_Events'!$D:$D,MATCH($A17,'01_Events'!$A:$A,0))),"█","")) | E17: =IF($A17="","",IF(AND(E$1>=INDEX('01_Events'!$C:$C,MATCH($A17,'01_Events'!$A:$A,0)),E$1<=INDEX('01_Events'!$D:$D,MATCH($A17,'01_Events'!$A:$A,0))),"█","")) | F17: =IF($A17="","",IF(AND(F$1>=INDEX('01_Events'!$C:$C,MATCH($A17,'01_Events'!$A:$A,0)),F$1<=INDEX('01_Events'!$D:$D,MATCH($A17,'01_Events'!$A:$A,0))),"█","")) | G17: =IF($A17="","",IF(AND(G$1>=INDEX('01_Events'!$C:$C,MATCH($A17,'01_Events'!$A:$A,0)),G$1<=INDEX('01_Events'!$D:$D,MATCH($A17,'01_Events'!$A:$A,0))),"█","")) | H17: =IF($A17="","",IF(AND(H$1>=INDEX('01_Events'!$C:$C,MATCH($A17,'01_Events'!$A:$A,0)),H$1<=INDEX('01_Events'!$D:$D,MATCH($A17,'01_Events'!$A:$A,0))),"█","")) | I17: =IF($A17="","",IF(AND(I$1>=INDEX('01_Events'!$C:$C,MATCH($A17,'01_Events'!$A:$A,0)),I$1<=INDEX('01_Events'!$D:$D,MATCH($A17,'01_Events'!$A:$A,0))),"█","")) | ... CM17: =IF($A17="","",IF(AND(CM$1>=INDEX('01_Events'!$C:$C,MATCH($A17,'01_Events'!$A:$A,0)),CM$1<=INDEX('01_Events'!$D:$D,MATCH($A17,'01_Events'!$A:$A,0))),"█",""))
A18: =IFERROR(INDEX(FILTER('01_Events'!$A$2:$A,'01_Events'!$G$2:$G="Evet"),ROW()-6),"") | B18: =IF($A18="","",IF(AND(B$1>=INDEX('01_Events'!$C:$C,MATCH($A18,'01_Events'!$A:$A,0)),B$1<=INDEX('01_Events'!$D:$D,MATCH($A18,'01_Events'!$A:$A,0))),"█","")) | C18: =IF($A18="","",IF(AND(C$1>=INDEX('01_Events'!$C:$C,MATCH($A18,'01_Events'!$A:$A,0)),C$1<=INDEX('01_Events'!$D:$D,MATCH($A18,'01_Events'!$A:$A,0))),"█","")) | D18: =IF($A18="","",IF(AND(D$1>=INDEX('01_Events'!$C:$C,MATCH($A18,'01_Events'!$A:$A,0)),D$1<=INDEX('01_Events'!$D:$D,MATCH($A18,'01_Events'!$A:$A,0))),"█","")) | E18: =IF($A18="","",IF(AND(E$1>=INDEX('01_Events'!$C:$C,MATCH($A18,'01_Events'!$A:$A,0)),E$1<=INDEX('01_Events'!$D:$D,MATCH($A18,'01_Events'!$A:$A,0))),"█","")) | F18: =IF($A18="","",IF(AND(F$1>=INDEX('01_Events'!$C:$C,MATCH($A18,'01_Events'!$A:$A,0)),F$1<=INDEX('01_Events'!$D:$D,MATCH($A18,'01_Events'!$A:$A,0))),"█","")) | G18: =IF($A18="","",IF(AND(G$1>=INDEX('01_Events'!$C:$C,MATCH($A18,'01_Events'!$A:$A,0)),G$1<=INDEX('01_Events'!$D:$D,MATCH($A18,'01_Events'!$A:$A,0))),"█","")) | H18: =IF($A18="","",IF(AND(H$1>=INDEX('01_Events'!$C:$C,MATCH($A18,'01_Events'!$A:$A,0)),H$1<=INDEX('01_Events'!$D:$D,MATCH($A18,'01_Events'!$A:$A,0))),"█","")) | I18: =IF($A18="","",IF(AND(I$1>=INDEX('01_Events'!$C:$C,MATCH($A18,'01_Events'!$A:$A,0)),I$1<=INDEX('01_Events'!$D:$D,MATCH($A18,'01_Events'!$A:$A,0))),"█","")) | ... CM18: =IF($A18="","",IF(AND(CM$1>=INDEX('01_Events'!$C:$C,MATCH($A18,'01_Events'!$A:$A,0)),CM$1<=INDEX('01_Events'!$D:$D,MATCH($A18,'01_Events'!$A:$A,0))),"█",""))
... A30: =IFERROR(INDEX(FILTER('01_Events'!$A$2:$A,'01_Events'!$G$2:$G="Evet"),ROW()-6),"") | B30: =IF($A30="","",IF(AND(B$1>=INDEX('01_Events'!$C:$C,MATCH($A30,'01_Events'!$A:$A,0)),B$1<=INDEX('01_Events'!$D:$D,MATCH($A30,'01_Events'!$A:$A,0))),"█","")) | C30: =IF($A30="","",IF(AND(C$1>=INDEX('01_Events'!$C:$C,MATCH($A30,'01_Events'!$A:$A,0)),C$1<=INDEX('01_Events'!$D:$D,MATCH($A30,'01_Events'!$A:$A,0))),"█","")) | D30: =IF($A30="","",IF(AND(D$1>=INDEX('01_Events'!$C:$C,MATCH($A30,'01_Events'!$A:$A,0)),D$1<=INDEX('01_Events'!$D:$D,MATCH($A30,'01_Events'!$A:$A,0))),"█","")) | E30: =IF($A30="","",IF(AND(E$1>=INDEX('01_Events'!$C:$C,MATCH($A30,'01_Events'!$A:$A,0)),E$1<=INDEX('01_Events'!$D:$D,MATCH($A30,'01_Events'!$A:$A,0))),"█","")) | F30: =IF($A30="","",IF(AND(F$1>=INDEX('01_Events'!$C:$C,MATCH($A30,'01_Events'!$A:$A,0)),F$1<=INDEX('01_Events'!$D:$D,MATCH($A30,'01_Events'!$A:$A,0))),"█","")) | G30: =IF($A30="","",IF(AND(G$1>=INDEX('01_Events'!$C:$C,MATCH($A30,'01_Events'!$A:$A,0)),G$1<=INDEX('01_Events'!$D:$D,MATCH($A30,'01_Events'!$A:$A,0))),"█","")) | H30: =IF($A30="","",IF(AND(H$1>=INDEX('01_Events'!$C:$C,MATCH($A30,'01_Events'!$A:$A,0)),H$1<=INDEX('01_Events'!$D:$D,MATCH($A30,'01_Events'!$A:$A,0))),"█","")) | I30: =IF($A30="","",IF(AND(I$1>=INDEX('01_Events'!$C:$C,MATCH($A30,'01_Events'!$A:$A,0)),I$1<=INDEX('01_Events'!$D:$D,MATCH($A30,'01_Events'!$A:$A,0))),"█","")) | ... CM30: =IF($A30="","",IF(AND(CM$1>=INDEX('01_Events'!$C:$C,MATCH($A30,'01_Events'!$A:$A,0)),CM$1<=INDEX('01_Events'!$D:$D,MATCH($A30,'01_Events'!$A:$A,0))),"█",""))
